{
  "ArrTime": {
    "morning": 0.9999929261480933,
    "evening": 0.9999946783162549,
    "night": 0.9956728729623239,
    "midday": 0.9999965578629522,
    "afternoon": 0.999994671722244
  },
  "WeatherDelay": {
    "long": 0.9999764253334794,
    "acceptable": 0.999989864561554,
    "none": 0.9956158444696032,
    "veryLong": 0.999979434421548,
    "short": 0.9999939867693709
  },
  "Origin": {
    "main": 0.9988126673864283,
    "small": 0.9985758337873056,
    "medium": 0.9998114940329275,
    "big": 0.9988390421615979
  },
  "DepDelay": {
    "acceptable": 0.9997137829979518,
    "none": 0.999365910726731,
    "long": 0.9995190052812108,
    "short": 0.9997286364828358,
    "veryLong": 0.9996238254629587
  },
  "CarrierDelay": {
    "veryLong": 0.9999002000690511,
    "long": 0.9998342575304449,
    "short": 0.9999477056900227,
    "none": 0.9959475812280686,
    "acceptable": 0.9999258110379683
  },
  "AirTime": {
    "medium": 0.999493609214699,
    "veryShort": 0.9981806565369135,
    "veryLong": 0.9999999715316265,
    "short": 0.9980143232904858,
    "long": 0.9999650802586222
  },
  "Month": {
    "winter": 0.9984096827215613,
    "spring": 0.9992338661040453,
    "autumn": 0.9995123976279822,
    "summer": 0.9983996091019667
  },
  "Distance": {
    "long": 0.9997965898129951,
    "veryShort": 0.9997604009361466,
    "short": 0.9981011637773909,
    "veryLong": 0.9999943430084274,
    "medium": 0.9979030580205954
  },
  "ArrDelay": {
    "veryLong": 0.9995899590883899,
    "long": 0.9994221450744092,
    "early": 0.9976600100127518,
    "short": 0.9996952162607292,
    "onTime": 0.9996430706330149,
    "acceptable": 0.9996432397630518
  },
  "DepTime": {
    "morning": 0.9986298009851452,
    "afternoon": 0.9988829987253269,
    "evening": 0.9990294212353379,
    "night": 0.9998823057056598,
    "midday": 0.9992174142499617
  },
  "Dest": {
    "small": 0.9985759992716154,
    "medium": 0.9997923878231953,
    "big": 0.9988581688508059,
    "main": 0.9988126374597639
  },
  "SecurityDelay": {
    "acceptable": 0.99999891959669,
    "none": 0.9955591486574087,
    "long": 0.999998510683481,
    "veryLong": 0.9999996892783751,
    "short": 0.9999992873396006
  },
  "LateAirCraftDelay": {
    "short": 0,
    "none": 0,
    "long": 0,
    "veryLong": 0,
    "acceptable": 0
  },
  "DayOfWeek": {
    "beginning": 0.9983590534627179,
    "end": 0.9984908659635422,
    "weekend": 0.9987056361292954
  },
  "TaxiIn": {
    "short": 0.9959161195539811,
    "long": 0.9999953570238389,
    "medium": 0.9997402304340482
  },
  "TaxiOut": {
    "medium": 0.998146665002947,
    "short": 0.9975797002869916,
    "long": 0.999916091719647
  },
  "DayOfMonth": {
    "end": 0,
    "middle": 0,
    "beginning": 0
  }
}