{
  "ArrTime": {
    "morning": 0.0015916166789923946,
    "evening": 0.0011973788426598013,
    "night": 0.9736035834771335,
    "midday": 0.0007744808357756536,
    "afternoon": 0.0011988624950925353
  },
  "WeatherDelay": {
    "long": 0.005304299967131392,
    "acceptable": 0.0022804736503327957,
    "none": 0.9864349943392952,
    "veryLong": 0.004627255151697756,
    "short": 0.0013529768915427265
  },
  "Origin": {
    "main": 0.267149838053628,
    "small": 0.3204373978562365,
    "medium": 0.04241384259132461,
    "big": 0.26121551364047274
  },
  "DepDelay": {
    "acceptable": 0.06439882546084527,
    "none": 0.1426700864855241,
    "long": 0.10822381172754969,
    "short": 0.06105679136194729,
    "veryLong": 0.08463927083428449
  },
  "CarrierDelay": {
    "veryLong": 0.02245498446349602,
    "long": 0.037292055649900645,
    "short": 0.011766219744903062,
    "none": 0.91179422368457,
    "acceptable": 0.0166925164571293
  },
  "AirTime": {
    "medium": 0.11393792669273338,
    "veryShort": 0.4093522791944751,
    "veryLong": 6.40538406055128e-06,
    "short": 0.4467772596406971,
    "long": 0.007856941810010312
  },
  "Month": {
    "winter": 0.35782138764872523,
    "spring": 0.17238012658980287,
    "autumn": 0.10971053370402313,
    "summer": 0.36008795205749966
  },
  "Distance": {
    "long": 0.04576729207609757,
    "veryShort": 0.053909789367005315,
    "short": 0.42723815008704197,
    "veryLong": 0.0012728231038351258,
    "medium": 0.47181194536601984
  },
  "ArrDelay": {
    "veryLong": 0.09225920511228583,
    "long": 0.13001735825793334,
    "early": 0.526497747130844,
    "short": 0.06857634133592617,
    "onTime": 0.080309107571649,
    "acceptable": 0.08027105331333834
  },
  "DepTime": {
    "morning": 0.3082947783423271,
    "afternoon": 0.2513252868014279,
    "evening": 0.2183802220489664,
    "night": 0.026481216226527313,
    "midday": 0.17608179375861654
  },
  "Dest": {
    "small": 0.3204001638865299,
    "medium": 0.046712739781058554,
    "big": 0.2569120085686632,
    "main": 0.2671565715531304
  },
  "SecurityDelay": {
    "acceptable": 0.00024309074474787012,
    "none": 0.99919155208305,
    "long": 0.000335096216762381,
    "veryLong": 6.991236559630664e-05,
    "short": 0.00016034858984542559
  },
  "LateAirCraftDelay": {
    "short": 0.0,
    "none": 0.0,
    "long": 0.0,
    "veryLong": 0.0,
    "acceptable": 0.0
  },
  "DayOfWeek": {
    "beginning": 0.3692129708884568,
    "end": 0.3395551582030123,
    "weekend": 0.2912318709085405
  },
  "TaxiIn": {
    "short": 0.9188731003542477,
    "long": 0.0010446696362540748,
    "medium": 0.058448152339149476
  },
  "TaxiOut": {
    "medium": 0.41700037433692044,
    "short": 0.54456743542688,
    "long": 0.018879363079423332
  },
  "DayOfMonth": {
    "end": 0.0,
    "middle": 0.0,
    "beginning": 0.0
  }
}