{
  "Origin": {
    "small": 0.02882767456758492,
    "big": 0.38708093102711927,
    "main": 0.4914798206278021,
    "medium": 0.0011317531496903694
  },
  "CarrierDelay": {
    "veryLong": 0.29471848530144557,
    "short": 0.03405936365577623,
    "acceptable": 0.0596839632714072,
    "long": 0.1362018649014165,
    "none": 0.4753363228699558
  },
  "ArrTime": {
    "morning": 0.02203715566944269,
    "evening": 0.016122143924834516,
    "night": 0.9378389920990818,
    "midday": 0.009160794362588084,
    "afternoon": 0.01484091394405297
  },
  "AirTime": {
    "medium": 0.6492152466367717,
    "long": 0.35057121503309835,
    "short": 0.00016371271976653144,
    "veryShort": 4.982561036372696e-05
  },
  "SecurityDelay": {
    "acceptable": 0.001174460815716421,
    "short": 0.00032030749519538755,
    "long": 0.0021638550786532845,
    "none": 0.9945547725816783,
    "veryLong": 0.001786604028756495
  },
  "Month": {
    "winter": 0.31710442024343355,
    "spring": 0.14208840486867394,
    "autumn": 0.051334614563314104,
    "summer": 0.48947256032457837
  },
  "DepDelay": {
    "veryLong": 0.8381877713716287,
    "acceptable": 0.014093529788597058,
    "long": 0.11440671933945475,
    "none": 0.007367072389493913,
    "short": 0.006726457399103139
  },
  "Distance": {
    "long": 1.0000000000000002
  },
  "Dest": {
    "big": 0.327055306427504,
    "medium": 0.043967542173820214,
    "main": 0.27994875080076864,
    "small": 0.1385863762545378
  },
  "WeatherDelay": {
    "acceptable": 0.014253683536194753,
    "none": 0.9114883621610084,
    "short": 0.005872304078582106,
    "veryLong": 0.03750444871521105,
    "long": 0.030881201509004218
  },
  "TaxiIn": {
    "short": 0.9158658979286792,
    "long": 0.005957719410634209,
    "medium": 0.07817638266068754
  },
  "DayOfWeek": {
    "end": 0.34494981849241985,
    "beginning": 0.32094811018577885,
    "weekend": 0.33410207132180236
  },
  "TaxiOut": {
    "medium": 0.5160474055092891,
    "long": 0.2812193038650439,
    "short": 0.20273329062566733
  },
  "DepTime": {
    "evening": 1.0000000000000002
  },
  "ArrDelay": {
    "veryLong": 1.0000000000000002
  }
}